Workbook

Sheet Резюме
B1: Успеваемость по курсу "Модели данных"
B2: Получили задания | D2: 26
C4: Сдали | D4: Вовремя | E4: Не вовремя | F4: Не сдали
B5: ЛР1 | C5: =SUM(Список[[#Totals],[22.сен]:[22.дек]]) -> 20 | D5: =SUM(Список[[#Totals],[22.сен]:[06.окт]]) -> 12 | E5: =C5-D5 -> 8 | F5: =$D$2-C5 -> 6
B6: ЛР2 | C6: =SUM(Список!J33:N33) -> 10 | D6: =SUM(Список!J33:K33) -> 10 | E6: =C6-D6 -> 0 | F6: =$D$2-C6 -> 16
B7: ЛР3 | C7: =SUM(Список!K34:N34) -> 0 | D7: =SUM(Список!K34:M34) -> 0 | E7: =C7-D7 -> 0 | F7: =$D$2-C7 -> 26
B8: ЛР4 | C8: =SUM(Список!K35:N35) -> 0 | D8: =SUM(Список!K35:N35) -> 0 | E8: =C8-D8 -> 0 | F8: =$D$2-C8 -> 26
B10: РК | C10: Прошли | D10: Не прошли
C11: =Список[[#Totals],[27.окт]] -> 14 | D11: =$D$2-C11 -> 12
B12: 5 | C12: =Список!P33 -> 5
B13: 4 | C13: =Список!P34 -> 7
B14: 3 | C14: =Список!P35 -> 2
B15: 1-2 | C15: =Список!P36 -> 0

Sheet Долг по ЛР1
B1: Долги по лабораторной работе №1
E2: Лаб.1 | G2: Лаб.2 | I2: РК
B4: № | C4: Фамилия, имя | D4: Вар. ЛР | E4: 08.сен | F4: 22.сен | G4: 06.окт | H4: 20.окт | I4: 27.окт | J4: Встреч
B5: 1 | C5: Атаманова Софья | D5: 11 | E5: * | F5: * | J5: 2
B6: 2 | C6: Ахадова Диера | D6: 11 | E6: * | J6: 1
B7: 7 | C7: Головастикова Полина | D7: 4 | E7: * | F7: + | G7: + | I7: 3 | J7: 4
B8: 9 | C8: Дебуля Богдан | J8: 0
B9: 12 | C9: Крючков Даниил | D9: 7 | E9: * | G9: + | I9: 4 | J9: 3
B10: 19 | C10: Рытикова Кирена | D10: 4 | E10: * | F10: + | G10: + | I10: 4 | J10: 4
B11: 24 | C11: Хабибулин Данил | D11: 7 | E11: * | G11: + | J11: 2
C12: =COUNTA(C5:C11) -> 7

Sheet Жду ЛР2
B1: Ожидание сдачи отчёта по лабораторной работе №2
E2: Лаб.1 | G2: Лаб.2 | I2: РК
B4: № | C4: Фамилия, имя | D4: Вар. ЛР | E4: 08.сен | F4: 22.сен | G4: 06.окт | H4: 20.окт | I4: 27.окт | J4: Встреч
B5: 3 | C5: Бабченко Елизавета | D5: 1 | E5: * | F5: + | G5: 1 | H5: + | I5: 3 | J5: 5
B6: 4 | C6: Волкова Варвара | D6: 18 | E6: * | F6: * | H6: 1 | J6: 3
B7: 5 | C7: Гаврилова Анна | D7: 2 | E7: * | F7: + | H7: 1 | I7: 4 | J7: 4
B8: 14 | C8: Митрохина Анастасия | D8: 18 | E8: * | F8: * | H8: 1 | J8: 3
B9: 15 | C9: Михайлова Виктория | D9: 8 | E9: * | F9: * | H9: 1 | J9: 3
B10: 16 | C10: Осипов Даниил | D10: 8 | E10: * | F10: * | H10: 1 | J10: 3
B11: 21 | C11: Субочев Иван | D11: 21 | E11: * | F11: * | G11: + | H11: 1 | J11: 4
B12: 22 | C12: Уйданов Лев | D12: 2 | E12: * | F12: + | H12: 1 | I12: 5 | J12: 4
B13: 23 | C13: Цугель Арсений | D13: 21 | E13: * | G13: + | H13: 1 | I13: 4 | J13: 4
B14: 27 | C14: Янбухтина Мария | D14: 1 | E14: * | F14: + | G14: 1 | H14: + | I14: 4 | J14: 5
C15: =COUNTA(C5:C14) -> 10

Sheet Список
C1: Выполнение практикума по курсу "Модели данных" студентами группы ИБМ3-34Б (2025)
G2: Лаб.1 | I2: Лаб.2 | K2: Лаб.3 | M2: Лаб.4 | P2: РК
B4: № | C4: Фамилия, имя | D4: Имя | E4: Пол | F4: Вар. ЛР | G4: 08.сен | H4: 22.сен | I4: 06.окт | J4: 20.окт | K4: 17.ноя | L4: 01.дек | M4: 15.дек | N4: 22.дек | O4: Встреч | P4: 27.окт
B5: 1 | C5: Атаманова Софья | D5: Софья | E5: ж | F5: 11 | G5: * | H5: * | O5: =COUNTA(Список[[#This Row],[08.сен]:[22.дек]]) -> 2
B6: 2 | C6: Ахадова Диера | D6: Диера | E6: ж | F6: 11 | G6: * | O6: =COUNTA(Список[[#This Row],[08.сен]:[22.дек]]) -> 1
B7: 3 | C7: Бабченко Елизавета | D7: Елизавета | E7: ж | F7: 1 | G7: * | H7: + | I7: 1 | J7: + | O7: =COUNTA(Список[[#This Row],[08.сен]:[22.дек]]) -> 4 | P7: 3
B8: 4 | C8: Волкова Варвара | D8: Варвара | E8: ж | F8: 18 | G8: * | H8: * | J8: 1 | O8: =COUNTA(Список[[#This Row],[08.сен]:[22.дек]]) -> 3
B9: 5 | C9: Гаврилова Анна | D9: Анна | E9: ж | F9: 2 | G9: * | H9: + | J9: 1 | O9: =COUNTA(Список[[#This Row],[08.сен]:[22.дек]]) -> 3 | P9: 4
B10: 6 | C10: Гаммал Дмитрий | D10: Дмитрий | E10: м | F10: 3 | G10: * | H10: 1 | J10: 2 | O10: =COUNTA(Список[[#This Row],[08.сен]:[22.дек]]) -> 3 | P10: 5
B11: 7 | C11: Головастикова Полина | D11: Полина | E11: ж | F11: 4 | G11: * | H11: + | I11: + | O11: =COUNTA(Список[[#This Row],[08.сен]:[22.дек]]) -> 3 | P11: 3
B12: 8 | C12: Горбунова Вероника | D12: Вероника | E12: ж | F12: 15 | G12: * | H12: 1 | I12: + | J12: 2 | O12: =COUNTA(Список[[#This Row],[08.сен]:[22.дек]]) -> 4 | P12: 5
B13: 9 | C13: Дебуля Богдан | D13: Богдан | E13: м | O13: =COUNTA(Список[[#This Row],[08.сен]:[22.дек]]) -> 0
B14: 10 | C14: Коваленко Елизавета | D14: Елизавета | E14: ж | F14: 6 | G14: * | I14: 1 | J14: 2 | O14: =COUNTA(Список[[#This Row],[08.сен]:[22.дек]]) -> 3 | P14: 4
B15: 11 | C15: Кольцова Анастасия | D15: Анастасия | E15: ж | F15: ? | I15: 1 | J15: 2 | O15: =COUNTA(Список[[#This Row],[08.сен]:[22.дек]]) -> 2 | P15: 5
B16: 12 | C16: Крючков Даниил | D16: Даниил | E16: м | F16: 7 | G16: * | I16: + | O16: =COUNTA(Список[[#This Row],[08.сен]:[22.дек]]) -> 2 | P16: 4
B17: 13 | C17: Мельникова Полина | D17: Полина | E17: ж | F17: 6 | G17: * | H17: * | I17: 1 | J17: 2 | O17: =COUNTA(Список[[#This Row],[08.сен]:[22.дек]]) -> 4 | P17: 4
B18: 14 | C18: Митрохина Анастасия | D18: Анастасия | E18: ж | F18: 18 | G18: * | H18: * | J18: 1 | O18: =COUNTA(Список[[#This Row],[08.сен]:[22.дек]]) -> 3
B19: 15 | C19: Михайлова Виктория | D19: Виктория | E19: ж | F19: 8 | G19: * | H19: * | J19: 1 | O19: =COUNTA(Список[[#This Row],[08.сен]:[22.дек]]) -> 3
B20: 16 | C20: Осипов Даниил | D20: Даниил | E20: м | F20: 8 | G20: * | H20: * | J20: 1 | O20: =COUNTA(Список[[#This Row],[08.сен]:[22.дек]]) -> 3
B21: 17 | C21: Прищенко Артём | D21: Артём | E21: м | F21: 9 | G21: * | H21: * | I21: 1 | J21: 2 | O21: =COUNTA(Список[[#This Row],[08.сен]:[22.дек]]) -> 4
B22: 18 | C22: Рак Андрей | D22: Андрей | E22: м | F22: 17 | G22: * | H22: + | I22: 1 | J22: 2 | O22: =COUNTA(Список[[#This Row],[08.сен]:[22.дек]]) -> 4
B23: 19 | C23: Рытикова Кирена | D23: Кирена | E23: ж | F23: 4 | G23: * | H23: + | I23: + | O23: =COUNTA(Список[[#This Row],[08.сен]:[22.дек]]) -> 3 | P23: 4
B24: 20 | C24: Сигорский Александр | D24: Александр | E24: м | F24: 9 | G24: * | H24: * | I24: 1 | J24: 2 | O24: =COUNTA(Список[[#This Row],[08.сен]:[22.дек]]) -> 4
B25: 21 | C25: Субочев Иван | D25: Иван | E25: м | F25: 21 | G25: * | H25: * | I25: + | J25: 1 | O25: =COUNTA(Список[[#This Row],[08.сен]:[22.дек]]) -> 4
B26: 22 | C26: Уйданов Лев | D26: Лев | E26: м | F26: 2 | G26: * | H26: + | J26: 1 | O26: =COUNTA(Список[[#This Row],[08.сен]:[22.дек]]) -> 3 | P26: 5
B27: 23 | C27: Цугель Арсений | D27: Арсений | E27: м | F27: 21 | G27: * | I27: + | J27: 1 | O27: =COUNTA(Список[[#This Row],[08.сен]:[22.дек]]) -> 3 | P27: 4
B28: 24 | C28: Хабибулин Данил | D28: Данил | E28: м | F28: 7 | G28: * | I28: + | O28: =COUNTA(Список[[#This Row],[08.сен]:[22.дек]]) -> 2
B29: 25 | C29: Щетинина Анна | D29: Анна | E29: ж | F29: 15 | G29: * | H29: 1 | J29: 2 | O29: =COUNTA(Список[[#This Row],[08.сен]:[22.дек]]) -> 3
B30: 26 | C30: Якубович Анна | D30: Анна | E30: ж | F30: 3 | G30: * | H30: 1 | J30: 2 | O30: =COUNTA(Список[[#This Row],[08.сен]:[22.дек]]) -> 3 | P30: 5
B31: 27 | C31: Янбухтина Мария | D31: Мария | E31: ж | F31: 1 | G31: * | H31: + | I31: 1 | J31: + | O31: =COUNTA(Список[[#This Row],[08.сен]:[22.дек]]) -> 4 | P31: 4
B32: ЛР1 | F32: =SUBTOTAL(102,Список[Вар. ЛР]) -> 25 | H32: =SUBTOTAL(102,Список[22.сен]) -> 4 | I32: =SUBTOTAL(102,Список[06.окт]) -> 8 | J32: =COUNTIF(Список[20.окт],1) -> 8 | K32: =COUNTIF(Список[17.ноя],1) -> 0 | L32: =COUNTIF(Список[01.дек],1) -> 0 | M32: =COUNTIF(Список[15.дек],1) -> 0 | N32: =COUNTIF(Список[22.дек],1) -> 0 | P32: =SUBTOTAL(102,Список[27.окт]) -> 14
B33: ЛР2 | J33: =COUNTIF(Список[20.окт],2) -> 10 | K33: =COUNTIF(Список[17.ноя],2) -> 0 | L33: =COUNTIF(Список[01.дек],2) -> 0 | M33: =COUNTIF(Список[15.дек],2) -> 0 | N33: =COUNTIF(Список[22.дек],2) -> 0 | P33: =COUNTIF(Список[27.окт],5) -> 5
B34: ЛР3 | K34: =COUNTIF(Список[17.ноя],3) -> 0 | L34: =COUNTIF(Список[01.дек],3) -> 0 | M34: =COUNTIF(Список[15.дек],3) -> 0 | N34: =COUNTIF(Список[22.дек],3) -> 0 | P34: =COUNTIF(Список[27.окт],4) -> 7
B35: ЛР4 | K35: =COUNTIF(Список[17.ноя],4) -> 0 | L35: =COUNTIF(Список[01.дек],4) -> 0 | M35: =COUNTIF(Список[15.дек],4) -> 0 | N35: =COUNTIF(Список[22.дек],4) -> 0 | P35: =COUNTIF(Список[27.окт],3) -> 2
P36: =COUNTIF(Список[27.окт],"<3") -> 0

Sheet Имена
A3: Названия строк | B3: Число элементов в столбце Имя | C3: Самые частые | D3: 2024 год | E3: 2021-2022
A4: Анна | B4: 3 | C4: 1 | D4: 1 | E4: 1
A5: Елизавета | B5: 2
A6: Полина | B6: 2
A7: Анастасия | B7: 2
A8: Даниил | B8: 2
A9: Софья | B9: 1 | C9: 1 | D9: 1 | E9: 1
A10: Кирена | B10: 1
A11: Андрей | B11: 1
A12: Богдан | B12: 1
A13: Мария | B13: 1 | C13: 1 | D13: 1 | E13: 1
A14: Варвара | B14: 1
A15: Дмитрий | B15: 1
A16: Вероника | B16: 1
A17: Иван | B17: 1
A18: Виктория | B18: 1 | C18: 1 | D18: 1 | E18: 1
A19: Лев | B19: 1
A20: Александр | B20: 1 | C20: 1 | D20: 1 | E20: 1
A21: Арсений | B21: 1
A22: Данил | B22: 1
A23: Артём | B23: 1 | C23: 1 | D23: 1 | E23: 1
A24: Диера | B24: 1
A25: Общий итог | B25: 27

Sheet Пол
B2: Названия строк | C2: Число элементов в столбце Пол
B3: ж | C3: 0.59259259
B4: м | C4: 0.40740741
B5: Общий итог | C5: 1
